History,Math,Physics,Bible,English,Orchestra,Physics






B,F
MM/dd/yyyy
07/04/2013
09/02/2013
10/14/2013
10/16/2013
10/18/2013
10/28/2013
11/25/2013
11/26/2013
11/27/2013
11/28/2013
11/29/2013
12/14/2013
12/15/2013
12/16/2013
12/17/2013
12/18/2013
12/19/2013
12/20/2013
12/21/2013
12/22/2013
12/23/2013
12/24/2013
12/25/2013
12/26/2013
12/27/2013
12/28/2013
12/29/2013
12/30/2013
12/31/2013
01/01/2014
01/02/2014
01/03/2014
01/04/2014
01/05/2014
01/20/2014
02/17/2014
03/08/2014
03/09/2014
03/10/2014
03/11/2014
03/12/2014
03/13/2014
03/14/2014
03/15/2014
03/16/2014
04/18/2014
04/19/2014
04/20/2014
04/21/2014